id,date,amount,category,description
bc5089c6-d425-445a-871d-4fe4e8103c70,20250825,13.95,Miscellaneous,Birthday gift
ffd7c1bd-bff4-4790-a65a-43384bcde3d6,20250703,23.96,Books & Learning,Textbook purchase
3ae1b968-d176-4a33-bb06-18cd6b8ebf41,20250809,38.19,Groceries,Local market fruits & veg
88c417d4-dc55-4be0-9ca2-127fd9314ff9,20250720,35.82,Books & Learning,Course photocopying
ea1dfb97-8896-4f22-a3d7-7648009e9211,20250628,19.26,Laundry,Laundry tokens
b5b1ef85-2945-4d74-9592-358e9e1e83e3,20250817,15.34,Personal Care,Shampoo and soap
bb77c99e-bd4b-4b03-9a92-2946093cca34,20250627,32.06,Books & Learning,Course photocopying
cbd079a0-36d7-478e-8a23-0d46aee477cb,20250829,48.83,Transport,Bus day rover
6a3e111f-1f0c-426f-90ee-84d8fdd80a4c,20250612,58.71,Personal Care,Haircut at local salon
5bfc5230-92c9-47fd-9182-a8b384d74a9b,20250609,39.27,Stationery,Pens and highlighters
85a18423-59a2-499a-a4e0-edbb03e769c2,20250717,6.20,Laundry,Dry cleaning
b44e6336-7553-4fbc-ad69-103087835033,20250830,16.20,Personal Care,Haircut at local salon
672419eb-d1c4-4343-875b-e0de73f47e96,20250622,44.39,Utilities,Netflix subscription
2211e79d-314b-4fd4-9c1a-396f43ba38ed,20250830,43.78,Entertainment,Student union event
e65728bd-7af9-4e54-bd07-8b778fb599f4,20250726,57.03,Groceries,Tesco Metro shop
1f31594c-6f8b-4bff-97a6-2bba6429fd34,20250719,37.38,Transport,Oyster top-up
db4bac9f-c96f-48fd-9358-2fc9173e7ef9,20250824,50.84,Food,Greggs sausage roll
9bb25157-432a-48cf-9722-ac9d72acaaff,20250810,17.26,Utilities,Mobile data top-up
e7689e85-c67a-472a-a0b7-da7f06771d92,20250802,47.54,Food,Costa coffee
add4ad97-be67-4ae4-a0c0-af349ef8f9c5,20250722,28.94,Entertainment,Student union event
461eb482-a463-4dd6-ab8e-9c436a7bd264,20250820,11.18,Utilities,Netflix subscription
c6199c55-8184-4da6-b6da-aaf1e95ccfef,20250801,57.34,Utilities,Mobile data top-up
5904908e-8c2c-4ae5-a5c1-9cfbb42847df,20250702,20.23,Utilities,Amazon Prime Student
68200db2-0e4b-4520-b00c-1a6ecaa3623b,20250628,33.66,Utilities,Netflix subscription
9ea17615-a440-4fb0-b6f1-eb6324005d89,20250801,48.06,Laundry,Laundry tokens
b873cff0-cfcf-4639-bd3e-e8fe3384d737,20250731,47.34,Stationery,Notebook pack
795ec88c-5269-4c59-a4d0-b61336271c24,20250627,32.01,Laundry,Dry cleaning
4eee1264-4fa5-46f5-bd37-541821e30732,20250801,16.29,Transport,Tube single journey
af99d4c7-ba28-49ee-871c-ed09e79bf2d0,20250820,39.06,Books & Learning,Course photocopying
d5442e28-cb5c-4ade-a175-6c9fbc330efc,20250603,55.50,Personal Care,Shampoo and soap
07a8ff79-3e32-411a-baab-cbfb36dbb04b,20250625,47.95,Laundry,Laundry tokens
070fa097-3718-4a2b-b853-4746de093b89,20250728,10.08,Stationery,Printer paper
955f9fa7-0157-440a-ba2d-ab0abb0db110,20250728,17.99,Food,Greggs sausage roll
1859b574-1182-488c-9938-99d5ed5260a9,20250615,34.40,Laundry,Laundry tokens
8c8c4425-4724-4b15-a58a-0dc6fca9d40b,20250623,3.95,Utilities,Netflix subscription
4221c4cf-6dca-4581-b284-bcdb4a9c4dbe,20250717,49.95,Personal Care,Shampoo and soap
640a5bef-470a-4082-b6cf-7e7dac760536,20250705,2.11,Utilities,Mobile data top-up
7c0a96b2-2ff1-408c-934c-a5ad8912dac3,20250731,42.58,Stationery,USB flash drive
8ecafa54-099c-4181-a43e-5c3cd71418a8,20250706,43.74,Transport,Oyster top-up
616e98a4-907b-47d5-a588-65096156a895,20250620,10.40,Transport,Oyster top-up
e0e984a2-70b9-4404-ab9d-050faa70de9d,20250720,37.02,Laundry,Laundry tokens
a95a3b58-fe1d-4595-9513-83c068fd18d2,20250611,47.18,Utilities,Amazon Prime Student
f0f28ba8-80c8-4837-aac4-551fe290ad45,20250827,48.37,Utilities,Amazon Prime Student
75b4e080-4417-4f80-95c9-08b963d481a6,20250603,42.20,Books & Learning,Library late fee
3bc30a5d-145c-4f9b-ab7e-1560f3089b24,20250804,51.90,Laundry,Dry cleaning
57cd5ba5-4751-4a9e-a429-8ec0ce912894,20250715,3.07,Books & Learning,Library late fee
347f5f8b-1e3c-407c-bcb1-90361917ab8a,20250819,40.10,Transport,Bus day rover
6b11cb20-f90b-4962-a2ed-504d57a19ceb,20250704,24.92,Groceries,Tesco Metro shop
c3e972db-f387-4447-b080-5e97d7f81354,20250806,5.74,Stationery,Printer paper
bda2316b-c340-4b7d-aee3-842c05f6ce26,20250818,53.18,Utilities,Amazon Prime Student
7e953997-edfc-43ba-8bfc-786b4e7d6b87,20250616,29.71,Personal Care,Toiletries set
aee76df1-e55b-400b-b829-c203cb243a3f,20250630,37.64,Food,Nando student deal
d83fc3cc-fb0a-444f-bb13-884da3597b2e,20250801,58.36,Groceries,Local market fruits & veg
508b22a0-c177-4ed3-abef-1c242dc1a14a,20250717,37.00,Food,Costa coffee
6c54b346-c721-4b40-9c2d-eca4534bb242,20250724,39.98,Books & Learning,Library late fee
d63f1d73-37fe-4566-a611-439c8d22b1a7,20250821,36.24,Personal Care,Shampoo and soap
d7503dcb-d7b1-4124-80ed-da5b6206d9b8,20250619,42.60,Stationery,Notebook pack
e768f25b-5946-486a-8fcf-6b9d8ffe856a,20250811,39.00,Miscellaneous,Charity donation
9b15b3a3-0394-492e-b131-5ea4bdf201c4,20250614,30.46,Personal Care,Haircut at local salon
df8dd6a9-967c-452c-9f16-cc002d8a1d2c,20250804,28.03,Laundry,Laundry tokens
f02b07fa-3539-44a6-bf47-b0d34d5e15ec,20250629,28.46,Books & Learning,Online course fee
522d53a9-e0eb-4cae-8bcd-1148acdbfe7f,20250717,2.02,Miscellaneous,Charity donation
451acfdd-685e-4aee-aec5-e6680171087e,20250703,13.75,Books & Learning,Online course fee
e3ccab7e-f0ef-4b01-804f-bf505c2c9b83,20250713,33.57,Entertainment,Student union event
d1a2ee59-8a6e-4bc0-b586-660d1e3032d6,20250811,16.00,Entertainment,Cinema ticket
07e15086-729b-48e6-8567-8d63a107a5ab,20250808,25.39,Books & Learning,Textbook purchase
ccea55cd-58cb-416f-a0a1-172ce4a1a04f,20250711,10.34,Laundry,Laundry tokens
a2a20fd7-3b58-4e54-b1ba-e133b9c91324,20250620,28.15,Miscellaneous,Cinema popcorn
0c2a8d7a-8a77-496f-af12-ab15009093ba,20250610,14.59,Miscellaneous,Birthday gift
afb73e07-ebbb-4d42-8a97-a2e318647812,20250814,29.97,Miscellaneous,Cinema popcorn
cbc1106a-c60b-442d-8c4a-dac15c950e2e,20250623,51.07,Books & Learning,Textbook purchase
3bd1bc0e-f2d9-4c89-b0d7-ab88e10b399b,20250710,35.81,Groceries,Local market fruits & veg
e8b74a8e-e8a1-4985-8f76-945805954f4c,20250608,52.20,Miscellaneous,Cinema popcorn
b1c3fb96-f039-4808-87d4-d60d13d1c84b,20250616,26.14,Entertainment,Cinema ticket
eb2b65cc-de58-4e33-8929-7ba12c055864,20250725,15.60,Utilities,Spotify subscription
faf1790a-81e4-4876-8207-f02fa54cd1b3,20250805,44.79,Groceries,Tesco Metro shop
a73307c3-f409-46ee-96f3-3d42610022be,20250802,58.22,Miscellaneous,Birthday gift
082aece4-32d4-4425-8178-2c3adf520487,20250601,3.61,Personal Care,Haircut at local salon
f069d6b3-f8bd-446a-984b-c57ba22f5704,20250609,33.07,Miscellaneous,Charity donation
70adab6c-7db9-4ebb-a70b-0a97819b3da1,20250611,34.16,Stationery,Printer paper
641208bd-1557-463a-85da-005819e1b556,20250721,38.77,Transport,Bus day rover
936590c1-c45e-4d7c-8163-10619a38490d,20250729,59.30,Utilities,Amazon Prime Student
1fe28d40-58f6-484e-b1b0-5a3e273e5b89,20250731,22.96,Utilities,Mobile data top-up
e379fe53-06f7-497f-9daf-78296c92d1da,20250822,53.22,Stationery,Notebook pack
cd298506-5827-469e-af94-6a4983c36118,20250715,31.04,Entertainment,Bar quiz entry
d9a41195-55f2-420c-b354-b954fa746d29,20250701,53.63,Books & Learning,Online course fee
04ece003-54b7-41f1-b391-29a562763e39,20250729,59.19,Groceries,Tesco Metro shop
cebde464-47c4-4946-b25f-94d77a54a72d,20250813,29.95,Miscellaneous,Birthday gift
e1f62f89-b4d1-4ecc-9ac1-c1c23bd429fd,20250618,41.20,Entertainment,Board game cafe
392a59ed-7cd6-4914-b83e-e557c9f976a7,20250704,7.25,Stationery,Printer paper
db58ca65-c55e-469c-95d9-53e0484ff83a,20250829,53.66,Books & Learning,Library late fee
da260c27-1ca3-42d9-a028-11d7ee48a584,20250722,51.41,Miscellaneous,Birthday gift
a5f4ceae-e22a-4646-8e6d-2f4d9cdf0e7c,20250828,49.18,Laundry,Laundry tokens
8d6d40ff-520e-42b8-8470-03aa7f60ee43,20250726,4.36,Groceries,Aldi weekly groceries
f632fd6f-611e-4b23-aa0e-bc098e95981e,20250810,51.30,Groceries,Sainsburys basics
9f512395-694f-4d7f-8ce7-d0c209024e40,20250721,46.96,Laundry,Laundry tokens
b6d26f46-92f5-4ff9-abc1-08aae835b5f3,20250611,43.42,Laundry,Laundry tokens
7847e898-6a7a-497b-a986-326f50062417,20250718,24.64,Personal Care,Haircut at local salon
dc97c1b9-b662-43ba-ba41-76f3adc05d47,20250708,30.29,Transport,Oyster top-up
fd630a88-4387-4f07-991e-8bee75251cca,20250727,1.95,Food,Greggs sausage roll
f2ba71d5-d018-4027-95bf-b7d70e14c217,20250601,48.08,Utilities,Mobile data top-up
abe1be94-fc38-494c-b795-7cfee2b25aea,20250816,25.51,Food,Nando student deal
fcd957fc-8bcb-4876-b73c-f18e74353698,20250623,10.89,Miscellaneous,Birthday gift
c158cab8-a43d-4ca8-8d2a-d54b3a147c3e,20250608,6.02,Personal Care,Shampoo and soap
239f048a-ffab-4504-81e3-67538e9808dd,20250815,5.78,Books & Learning,Online course fee
d553445f-0c84-4126-9cf2-a89d15fcd2cf,20250714,57.33,Books & Learning,Course photocopying
fab2ee55-6208-4a1e-8fe2-38ac789cd05b,20250630,59.22,Transport,Santander bike hire
922cd603-0271-450a-b9eb-056d9372e6c0,20250615,10.92,Groceries,Sainsburys basics
df500eb8-b9c3-47d3-baba-65ef272e4a93,20250716,7.46,Groceries,Local market fruits & veg
2cf8afd6-68e1-4d11-ac1e-88353c87409b,20250806,55.77,Stationery,USB flash drive
465138ee-bcac-413e-8d6e-8a7fd1aac553,20250601,13.35,Books & Learning,Course photocopying
c76505cd-dd7c-42b8-997b-137d3929adf0,20250728,27.26,Transport,Tube single journey
6c2094fa-8b6b-41fd-9a55-084e64e2cf62,20250625,59.01,Entertainment,Bar quiz entry
62fa32cb-85ed-40c0-b94f-3e9f33132a07,20250608,47.50,Miscellaneous,Charity donation
9f24074b-f125-4b22-8948-898524314d6c,20250820,23.94,Laundry,Dry cleaning
36f323ee-fe27-44fd-af29-864433b2f696,20250703,46.75,Books & Learning,Course photocopying
696d788c-800b-44d4-94f5-7ed3095d63da,20250619,11.21,Stationery,Notebook pack
6be3c785-ac41-4931-8538-256fa281b9a0,20250823,50.41,Laundry,Dry cleaning
f6bec6c4-8baa-4492-b946-e9b91c0ebb8a,20250819,24.86,Stationery,USB flash drive
98e6a84b-290a-4067-90a0-c6dc35190c56,20250609,12.35,Miscellaneous,Cinema popcorn
cc3355f2-81e3-4bc9-a542-05a5be6bbb7c,20250823,43.94,Personal Care,Haircut at local salon
aa6fcc02-e072-45b1-83c0-afe62b5d8346,20250607,49.49,Groceries,Aldi weekly groceries
bb021dd9-c00e-4dbf-b353-61da9abfa325,20250828,59.15,Utilities,Mobile data top-up
ce022436-03d0-46c8-90c2-5515b0969a7c,20250619,48.61,Laundry,Laundry tokens
be9990cc-555a-4d4e-ab06-4598d96e5f6a,20250726,29.35,Groceries,Tesco Metro shop
e7d1aa33-81d5-4f3f-915a-cd1d2b24fef3,20250828,2.45,Stationery,Pens and highlighters
1dd78ac3-130f-41fc-8049-95376b88cefe,20250613,29.38,Laundry,Dry cleaning
d0cdb452-2ddb-4e9e-bc69-e76b6fc592bb,20250720,7.95,Entertainment,Bar quiz entry
6c091668-1914-4e4b-87a0-b2ab2343b942,20250701,16.97,Entertainment,Student union event
1bc5d32c-b1db-4aa7-bae5-2684392f02ac,20250828,54.42,Groceries,Sainsburys basics
5cc27452-a0d7-4f54-84a4-d39a5b4424d8,20250608,41.69,Laundry,Dry cleaning
3b442ff5-350d-41e4-8262-1cbbb4f616a6,20250604,8.78,Transport,Train to Reading
8ecbc08b-d289-4f42-b718-ccb8539aefbe,20250719,7.63,Groceries,Sainsburys basics
95520b7f-ff96-49bc-897c-508dc0ccf4a5,20250623,16.50,Stationery,Notebook pack
3b786576-a09b-4b61-ae83-3d067b605fd8,20250624,51.75,Stationery,Notebook pack
de670534-88ff-4d3f-905d-1616c1393afc,20250726,32.21,Utilities,Amazon Prime Student
b8621496-2f8b-44e4-892a-3b336c5a0a69,20250608,41.70,Miscellaneous,Birthday gift
51b26394-3db7-43db-ab64-e9e999a1b884,20250823,45.56,Food,Pret flat white
2f765ead-78d0-4436-a8e4-e5c1c5b17276,20250703,50.45,Food,Pret flat white
47cfbce1-3b83-4f51-8930-5d97e1ccce7c,20250628,21.84,Stationery,Printer paper
1befd85b-ccce-4bb2-ae58-46f631cf64c9,20250714,10.18,Stationery,USB flash drive
78cc9412-1fd7-4e01-ae83-42e30791feee,20250614,36.95,Miscellaneous,Birthday gift
6e41e035-22d0-41cb-80e7-e32dbd429743,20250730,21.49,Miscellaneous,Cinema popcorn
1ca63931-bc9d-4491-a90e-a452a61274da,20250709,51.49,Entertainment,Student union event
82778c06-2c80-4b2f-a22e-24eab2c8bf78,20250803,29.09,Transport,Santander bike hire
526b1110-a215-495d-922b-170b4be82ece,20250621,54.92,Laundry,Laundry tokens
b2dfbeff-d61e-401a-818e-fc64e97e36b0,20250811,35.10,Entertainment,Student union event
93e357cb-b8c9-4074-854e-dce11f9dbe18,20250802,7.65,Books & Learning,Library late fee
a642b4e6-1bfb-4a1a-9361-8e1c34752171,20250701,19.67,Transport,Train to Reading
2e9c9330-734b-4733-bda4-5a07e4103ffa,20250709,28.27,Transport,Tube single journey
1747342c-ec86-42de-83d7-758a4705f59e,20250724,5.31,Laundry,Dry cleaning
817073a6-8fb4-4ac8-bae3-82a6bb336da8,20250824,26.71,Transport,Oyster top-up
87377e5a-1844-4d32-b741-88de2f8103c5,20250715,13.72,Personal Care,Shampoo and soap
fc854a58-cb0d-42e1-b91e-55fdbc5e4224,20250701,35.65,Utilities,Spotify subscription
c396999e-0c6e-460c-add0-e10f7e36371e,20250824,17.37,Personal Care,Haircut at local salon
a48c0b1d-3cb4-482c-9834-5b7b2edf00a9,20250616,54.60,Miscellaneous,Birthday gift
44253527-ff72-4155-a63f-d77198e8d9f7,20250612,52.64,Books & Learning,Textbook purchase
8bcf60d1-6b10-4f9c-a4cf-eca505ad49ba,20250703,47.17,Entertainment,Cinema ticket
7aa56be1-0820-488e-9961-7f434366de88,20250814,34.64,Food,Pret flat white
6ab5ace2-fbb6-480d-aad7-fdb51e420944,20250813,47.88,Miscellaneous,Birthday gift
4af6911a-207d-4632-a262-b66746a32c6b,20250725,31.31,Utilities,Netflix subscription
5dfad7cb-38cd-4db7-864c-ef0e4c4441b4,20250703,13.34,Miscellaneous,Birthday gift
d8e972eb-2141-4d76-a4eb-2a261008b8f7,20250730,24.79,Personal Care,Shampoo and soap
13dcde73-2892-4928-8bd0-6a234416fe8d,20250727,23.58,Entertainment,Student union event
0be998d5-4a6c-4bb4-a37a-efc05de0f0ff,20250825,7.82,Stationery,Notebook pack
b683f1a4-b67c-49ef-95ae-5878ceb5ebca,20250807,55.79,Stationery,Pens and highlighters
278ac527-901d-45f8-a4db-d8031c0c0b2f,20250722,53.21,Miscellaneous,Birthday gift
857ea780-b9a3-42c2-8295-63d63abfb2aa,20250722,24.96,Entertainment,Bar quiz entry
f2f9b7ec-c55d-470d-ae90-02e62b8d5cc8,20250624,13.51,Books & Learning,Library late fee
e5fdb3bd-d850-4ba2-a21d-14c5f213dcdb,20250824,43.31,Books & Learning,Library late fee
b687e536-97d2-41ed-9b19-df52d613efd6,20250816,55.10,Stationery,Notebook pack
41a73f94-d942-40f9-8874-277f04336c96,20250707,58.88,Stationery,Notebook pack
bcd53dc2-8d0f-457c-94e8-4040ea8a2d72,20250609,9.64,Groceries,Sainsburys basics
6b350990-0ae5-4806-a00f-3a7e3530fd87,20250819,54.62,Personal Care,Toiletries set
88542cf0-ac7e-45c7-8212-582d6bdc47cf,20250817,7.96,Entertainment,Student union event
35e7c00c-251c-4a3b-9f21-aa36dbcaec93,20250824,29.98,Books & Learning,Course photocopying
71d9869a-abbf-4e2c-87dc-223aceb861ae,20250816,24.42,Food,Greggs sausage roll
7c99fcc4-1ef3-4db0-b8d0-4303aae793e8,20250714,39.51,Groceries,Aldi weekly groceries
56f3cb26-1ac4-4cc4-b866-204c295e0a98,20250728,49.70,Food,Campus canteen meal
2f751ca4-bc28-4a6c-a27e-ec01da786894,20250805,39.68,Books & Learning,Course photocopying
dd3f12a3-a3d1-4b76-b75f-213f61f53c53,20250804,18.06,Entertainment,Student union event
fa936ca6-afc7-4924-a941-5d3b3ba6aa76,20250719,51.41,Laundry,Dry cleaning
1cdce959-a68c-4561-b9f3-7fb3395e792f,20250727,2.49,Laundry,Dry cleaning
59b3fe26-658b-47d6-b3d0-e3a36a263f41,20250819,19.81,Entertainment,Board game cafe
32fbcf2c-4eb0-4e39-9605-6eace869c0c9,20250728,57.04,Personal Care,Toiletries set
a5e5f0e2-61f8-4c87-babe-b287b5539883,20250620,32.33,Transport,Oyster top-up
90ea1076-bd0a-49db-b3d9-cc2ec27fd541,20250730,11.77,Books & Learning,Library late fee
49f32d69-8488-4948-b12e-b22f9be54870,20250821,54.86,Personal Care,Haircut at local salon
ca2b5b6a-d2a2-4408-949e-853d2ebb5c9d,20250802,16.02,Books & Learning,Course photocopying
93ede7c7-4aa2-42c8-b96f-de492d2832c0,20250728,55.10,Books & Learning,Textbook purchase
fe42f27b-14eb-47a7-a9eb-2e0021d91d63,20250805,43.87,Groceries,Aldi weekly groceries
b81e1a25-5921-47fb-9441-f516f5181854,20250805,29.23,Food,Campus canteen meal
40023dd1-27fe-48be-8bc1-8c1b46e89e7d,20250822,47.51,Laundry,Laundry tokens
610ff869-014f-4377-bda3-ed2fd806a89b,20250704,35.12,Books & Learning,Course photocopying
a1f28493-5da6-4cf9-a44c-03f5bab5f91c,20250605,26.04,Books & Learning,Textbook purchase
cf9be38d-3d4e-4d4b-b2de-7cb53c721bb1,20250723,50.09,Transport,Bus day rover
caebedc4-803d-47d4-9863-771bd911b2a3,20250808,46.83,Groceries,Tesco Metro shop
db9e114d-a614-4838-b39c-40ae24a67f28,20250701,5.60,Books & Learning,Course photocopying
fb9dfbf7-922d-4e7e-ad36-0a3b2bbec9e1,20250701,17.36,Miscellaneous,Cinema popcorn
88ee4084-984b-4586-8c68-cbc54bd89e92,20250727,16.38,Laundry,Laundry tokens
40fd9df6-3cc5-485f-9650-211f4ac1fb0a,20250729,30.39,Miscellaneous,Birthday gift
b6fe054d-db7a-429b-9dce-d70a041e86df,20250802,12.18,Food,Nando student deal
8f2ba525-a75d-4267-b9a7-7545d1e259d5,20250716,28.25,Personal Care,Toiletries set
a9da7066-670a-4395-af81-0d191b7a931a,20250609,53.55,Groceries,Tesco Metro shop
c6f21955-966e-46c5-88fd-ad9b72ee89d9,20250612,5.38,Stationery,Notebook pack
a63ffb79-fe50-4e57-9800-b5016266e8ad,20250707,59.48,Food,Nando student deal
d13f7123-d662-4b36-b25b-57cba09c2170,20250703,15.78,Groceries,Sainsburys basics
f5c2c38f-c785-4fd2-a2b5-26d1314bda48,20250630,51.86,Laundry,Dry cleaning
f16391bf-4d6c-4b2a-abdf-b1e1e481719e,20250708,13.23,Miscellaneous,Birthday gift
3345e772-9c23-4941-b8db-29b663ba6463,20250630,56.70,Utilities,Mobile data top-up
bdd7f057-37bd-458e-a9da-bbd43aab8d8f,20250801,44.70,Laundry,Laundry tokens
f68866db-f1fa-4a25-b12a-c94d78c2a09e,20250703,16.87,Personal Care,Haircut at local salon
df2749d3-3ced-408b-80db-a343d53e6675,20250804,29.64,Transport,Bus day rover
7e213c19-8d34-4788-a4d8-139988a33a41,20250830,58.33,Laundry,Dry cleaning
6256090b-6243-40d9-8897-93eb4c880b44,20250810,6.15,Books & Learning,Library late fee
e88da83a-9443-4b68-9efa-24f8dd6f8ab4,20250615,22.14,Laundry,Laundry tokens
e9f1290b-994d-4283-88ba-346672d2da5a,20250816,58.17,Miscellaneous,Birthday gift
3d3ea63b-eabf-41a3-8baf-15a95c8c9ba6,20250807,58.46,Stationery,Pens and highlighters
7c4ae3bf-2e57-452f-9089-a386978bc56b,20250826,28.70,Utilities,Netflix subscription
e5fc7b78-4dba-4200-8f54-228b9e08e34c,20250602,44.75,Entertainment,Board game cafe
373ea002-51fe-42d3-9e94-b3ece4c82a32,20250725,54.55,Books & Learning,Library late fee
5f13f18b-c88b-4d10-9005-b393804c4984,20250714,37.10,Miscellaneous,Cinema popcorn
121e7868-4536-4e31-b5dd-52942773cbb5,20250611,58.07,Laundry,Dry cleaning
220fb42f-acd3-43ad-be4e-c926e9902768,20250607,18.39,Transport,Train to Reading
0edbb6bf-7817-4955-982c-918a458542d1,20250828,51.59,Utilities,Amazon Prime Student
b94e679a-3025-474f-ac4f-e99ed363e9a7,20250725,38.80,Laundry,Laundry tokens
d5e6c353-6172-4721-8d1e-c84b1471fe78,20250630,53.05,Miscellaneous,Cinema popcorn
154f5f01-d23c-4efc-981f-fb2f3a7d060c,20250704,25.45,Food,Nando student deal
060877eb-edba-4944-b9b0-fce688ebd008,20250814,24.12,Food,Pret flat white
36ded7a7-af10-48a2-9801-b9e5091e4619,20250624,56.53,Entertainment,Bar quiz entry
3f4c2fa2-73a0-40f5-845f-5564ef1c1812,20250618,2.56,Groceries,Aldi weekly groceries
6b603e28-805b-4b71-a286-97381b746609,20250722,48.01,Personal Care,Haircut at local salon
afc06c58-7209-4c34-9c5f-1fbe3e493592,20250630,10.24,Personal Care,Haircut at local salon
8ce77ec4-8ecc-4c8d-bd81-974f4e29b2e9,20250625,53.41,Stationery,Printer paper
57302233-8533-41e7-83de-934d894581f8,20250722,40.95,Stationery,USB flash drive
ff312491-0e3c-49fc-b57f-3bccc12c080a,20250714,25.89,Books & Learning,Course photocopying
4069a80a-5d4c-447c-9587-abec4a81abb5,20250714,35.47,Personal Care,Haircut at local salon
61b636bd-cd27-49ed-abec-00a0b643b5e4,20250713,26.90,Entertainment,Bar quiz entry
c0256a2b-135b-4633-87cf-c755745e9cb8,20250607,25.73,Transport,Oyster top-up
16385e42-6ec0-4dfc-8346-cd032b604926,20250830,35.74,Books & Learning,Textbook purchase
54366806-23c9-4adc-ba52-4e5c072067b3,20250815,4.65,Miscellaneous,Cinema popcorn
6e17d1dc-bc7c-4825-9962-8c2f8abc1923,20250817,11.88,Entertainment,Student union event
35344c01-9242-440e-8a16-82cacab3db89,20250615,14.99,Miscellaneous,Birthday gift
a2b29a6e-2985-4a8b-80ab-205c97b61a1e,20250826,18.25,Transport,Bus day rover
f00a54fa-7698-4b2a-a9b7-8e5e13573c40,20250620,58.18,Stationery,USB flash drive
bd23f089-cd85-4c7c-99ef-fedc65e730f1,20250611,3.75,Utilities,Spotify subscription
153ba58d-7885-49b5-a5cd-87b79a3ec65c,20250708,4.71,Laundry,Laundry tokens
8d3b6172-47a2-47b1-b1f4-3f5ba44575bc,20250619,31.27,Groceries,Local market fruits & veg
3cdc9dea-03ca-49ca-9566-dca1b21558db,20250621,20.52,Utilities,Netflix subscription
9de851b0-f105-4a92-8ac8-57bf232f9d3b,20250618,8.69,Laundry,Laundry tokens
defb0d64-8620-442a-b011-23243f536ab3,20250825,45.44,Utilities,Mobile data top-up
8a0e6aaa-3377-4bb7-92ec-477ba2aabcca,20250612,10.52,Books & Learning,Online course fee
f9989e95-fb67-48e4-9623-5d56df8ff600,20250728,1.69,Transport,Tube single journey
424bdf10-1cba-405b-a39e-2f20ce14bcbf,20250717,25.56,Entertainment,Board game cafe
6fe2980e-33a0-4f49-8fef-fd5a0362405c,20250823,3.29,Miscellaneous,Birthday gift
75d46675-97ad-4017-8323-17ae36dca1db,20250728,50.18,Laundry,Dry cleaning
26b751fa-0e56-4b12-8446-dd175be059c9,20250605,34.86,Miscellaneous,Cinema popcorn
fc682076-3758-4a9c-9a73-36f74fac04f5,20250706,4.43,Personal Care,Toiletries set
0882746d-0c55-46b9-9dc1-fc0dded25373,20250709,31.65,Books & Learning,Course photocopying
5b95fc8a-c98c-41e5-ae95-cf09da313a93,20250809,49.76,Transport,Train to Reading
8b8a4375-a98e-4f4c-b1df-8b881404fcd0,20250712,11.09,Books & Learning,Library late fee
88d47e1e-fddd-4b61-bb98-a3bb1fb37592,20250607,8.77,Entertainment,Cinema ticket
36fe409d-722a-4647-b221-83b2d7ea68a4,20250624,57.94,Personal Care,Haircut at local salon
af2e37f0-9dca-4142-b47c-b72e065bda2c,20250614,52.03,Books & Learning,Online course fee
5c2fb425-3768-4929-ae7d-abe65a40f4f7,20250718,27.97,Books & Learning,Course photocopying
70fef731-33e2-40cb-b0f8-a334e13bb16d,20250705,52.86,Food,Greggs sausage roll
e2bedd0c-01f8-45a6-885f-ae80f85f99d9,20250806,5.01,Utilities,Netflix subscription
e6371013-8375-43c0-8404-fb648e750bdb,20250626,12.95,Utilities,Spotify subscription
9281b8ad-7061-4d72-b388-55d4b1cd77e4,20250729,22.05,Entertainment,Student union event
61377f2a-c8e5-474d-8acc-01e934ebcddc,20250821,39.01,Entertainment,Cinema ticket
34d9f918-6471-449a-8e81-3f46dbe512f9,20250708,34.14,Groceries,Aldi weekly groceries
1e60828f-ed48-480e-afd7-b6a15ee8ad7e,20250601,46.15,Groceries,Aldi weekly groceries
954cf6cc-ade0-4701-95b7-ec2c7a9cd887,20250715,10.84,Groceries,Sainsburys basics
41da53ed-0946-4fd6-af4f-1f773be644b5,20250603,30.06,Entertainment,Bar quiz entry
6ad62c65-e8de-4498-b5c5-2662a5bea0dd,20250615,10.47,Miscellaneous,Charity donation
7c1add08-291c-44a7-8427-785e0e3e4045,20250630,23.65,Utilities,Netflix subscription
e704add3-a5c8-4c3b-9658-0e8e54047f08,20250715,14.14,Miscellaneous,Cinema popcorn
aede7fd1-d36d-4e45-ad4e-7e5bc7631d55,20250715,13.68,Entertainment,Student union event
0302635e-fd83-4422-8e75-92eb9f854fef,20250815,38.19,Utilities,Netflix subscription
7a763c96-cd4d-4561-9ec7-874328ed4468,20250723,46.15,Laundry,Laundry tokens
c50a64ee-a2c8-4d23-b8f6-27209338dfbe,20250827,31.58,Utilities,Spotify subscription
2daf3b16-b3b2-47e2-a111-980b1ff3a9e2,20250728,15.84,Stationery,Pens and highlighters
18a85a3d-2b40-4def-b2f7-9b5b36332148,20250826,16.47,Food,Pret flat white
f43595b9-5e46-4c13-9c5e-dbcf86de67d4,20250616,57.55,Stationery,Printer paper
0e8dc998-9207-47dc-b568-0f7978cfd800,20250704,30.97,Entertainment,Bar quiz entry
b9666f8d-6aa3-4a66-8330-f74c9b33ba11,20250618,22.93,Utilities,Mobile data top-up
4d1fbe47-081b-4993-be9e-6223ee71eac0,20250815,24.80,Utilities,Spotify subscription
39075ee5-c6af-47a1-93f2-19b9d1dca42f,20250721,45.33,Laundry,Laundry tokens
9ef53972-ce7d-47dc-9ec6-ac409e6973b9,20250721,59.49,Stationery,Printer paper
1e4416d5-4e26-4ba3-ac05-65812ee16249,20250826,25.03,Groceries,Local market fruits & veg
815a22d9-f896-4783-b872-40eaa0f12e05,20250823,42.31,Entertainment,Student union event
c6caa6d8-de89-4e35-9749-5cc06219f97d,20250813,59.00,Entertainment,Board game cafe
13c50be7-81c2-41e9-b736-6671795f7174,20250809,25.77,Entertainment,Student union event
e0ad87a3-3aaf-4120-a65f-1f16c9a67e6c,20250825,6.02,Food,Campus canteen meal
8b73eff8-0063-44e1-bc5d-c35e2704eb13,20250802,15.24,Food,Nando student deal
2efa8e49-2840-4ca3-8d80-d48a5a9695fd,20250720,3.42,Food,Pret flat white
bad76481-0426-4443-9dbe-fb29d17bffa2,20250624,37.77,Utilities,Netflix subscription
f0981ef8-91fa-4ab4-b910-314859556a39,20250602,38.48,Books & Learning,Library late fee
a439900b-edb5-414c-92d7-7b707a55728b,20250719,46.46,Utilities,Amazon Prime Student
ab5a5e0b-bd44-4e82-a628-b4234d955ed7,20250813,39.34,Laundry,Dry cleaning
